x;Torta de cemento;Tierra
Pobreza Extrema;25.2899908257979;67.0467745461471
Pobreza no extrema;46.2880183914365;35.035090612535
No pobreza;40.199702917831;10.3689409323593
